{
    "colegas": [
        {
            "id": 1,
            "nome": "Lucas Malta",
            "foto": "/2024_1_DIW1/blog pessoal/public/assets/img/lucas.jpg"
        },
        {
            "id": 2,
            "nome": "Letícia Rocha",
            "foto": "/2024_1_DIW1/blog pessoal/public/assets/img/perfil.jpg"
        },
        {
            "id": 3,
            "nome": "Gabriel Araujo",
            "foto": "/2024_1_DIW1/blog pessoal/public/assets/img/Gabriel Silva.png"
        },
        {
            "id": 4,
            "nome": "João Pedro Torres",
            "foto": "/2024_1_DIW1/blog pessoal/public/assets/img/João Pedro.png"
        },
        {
            "id": 5,
            "nome": "Gabriel Araujo",
            "foto": "/2024_1_DIW1/blog pessoal/public/assets/img/Gabriel Silva.png"
        },
        {
            "id": 6,
            "nome": "Gabriel Morais",
            "foto": "/2024_1_DIW1/blog pessoal/public/assets/img/Gabriel.png"
        }
    ]
}